{"accuracy": [0.46757811307907104, 0.7055542469024658, 0.7768097519874573, 0.8133468627929688, 0.8363056182861328, 0.8509549498558044, 0.8643535375595093, 0.8712828755378723, 0.877184271812439, 0.8801242113113403], "loss": [1.9910861253738403, 1.0284513235092163, 0.7736724019050598, 0.6463882923126221, 0.5729630589485168, 0.5323485136032104, 0.505410373210907, 0.520524263381958, 0.5338674783706665, 0.5889262557029724], "val_accuracy": [0.655244767665863, 0.7589086294174194, 0.7782999277114868, 0.8002007603645325, 0.8058356642723083, 0.8262991905212402, 0.8388693928718567, 0.8061550259590149, 0.8423370122909546, 0.8386412262916565], "val_loss": [1.1802031993865967, 0.8121299743652344, 0.7506153583526611, 0.6947619318962097, 0.6929006576538086, 0.6360968947410583, 0.5981122851371765, 0.9083334803581238, 0.7428705096244812, 0.8968650698661804]}